{
  "orig": {
    "brr": 0.49,
    "auc_mean": 0.5089999999999999,
    "fpr": 0.055
  },
  "bt": {
    "brr": 0.53,
    "auc_mean": 0.5388000000000001,
    "fpr": 0.04
  }
}